category,parameter,value,unit,notes
body,body.diameter_m,0.214,m,
body,body.radius_m,0.107,m,
body,body.diameter_in,8.425196850393702,in,
body,body.overall_length_m,2.273607344480882,m,
body,body.overall_length_in,89.51210017641269,in,
body,body.fineness_ratio,10.624333385424684,,
body,body.frontal_area_m2,0.03596809429094954,m^2,
body,body.nose_fairing_length_m,0.428,m,
body,body.nose_fairing_length_diameters,2.0,,
body,body.constant_diameter_barrel_length_m,1.6316073444808823,m,
body,body.boattail_length_m,0.214,m,
body,body.boattail_length_diameters,1.0,,
body,body.boattail_exit_diameter_m,0.15384852274737645,m,
body,body.boattail_base_outer_diameter_m,0.15384852274737645,m,
body,body.boattail_half_angle_deg,8.0,deg,
body,body.nozzle_flow_diameter_m,0.11563805016503446,m,
body,body.annular_base_area_engine_on_m2,0.008087409276720844,m^2,
body,body.annular_base_area_engine_off_m2,0.018589878117925798,m^2,
body,body.aft_body_note,"The aft end closes from the full body diameter to 153.85 mm over the 214 mm boattail -- exactly 8.0 deg, which is the attached-flow limit the drag model assumes and applies. It does NOT close onto the nozzle: an annulus of 80.87 cm2 (engine on) remains as base area between the boattail base and the nozzle flow diameter, and base drag on it is a real term in the flown build-up.",,
body,body.wetted_area_m2_cylinder_approx,1.5285480999417527,,
stations,stations_from_nose_tip_m.nose_tip,0.0,,
stations,stations_from_nose_tip_m.nose_fairing_end__barrel_start,0.428,,
stations,stations_from_nose_tip_m.combustion_chamber_start,0.428,,
stations,stations_from_nose_tip_m.combustion_chamber_end__tailpipe_start,0.817307344480882,,
stations,stations_from_nose_tip_m.tailpipe_end,2.059607344480882,,
stations,stations_from_nose_tip_m.boattail_start,2.0596073444808822,,
stations,stations_from_nose_tip_m.nozzle_exit__body_end,2.273607344480882,,
flowpath,internal_flowpath.chamber_diameter_m,0.214,m,
flowpath,internal_flowpath.chamber_length_m,0.38930734448088206,m,
flowpath,internal_flowpath.chamber_volume_m3,0.01400264327444754,m^3,
flowpath,internal_flowpath.tailpipe_diameter_m,0.11563805016503446,m,
flowpath,internal_flowpath.tailpipe_length_m,1.2423,m,
flowpath,internal_flowpath.nozzle_exit_diameter_m,0.11563805016503446,m,
flowpath,internal_flowpath.throat_to_body_area_fraction,0.2919940310501141,,
flowpath,internal_flowpath.operability_cap_on_that_fraction,0.3,,
flowpath,internal_flowpath.note,,,"The chamber IS the body diameter -- V4 deleted the annular gap (user directive). The mass model treats the tailpipe as a CONSTANT-diameter pipe at the nozzle diameter, i.e. the chamber-to-tailpipe cone has zero length in the model. Give it a real length in CAD; the model does not tell you what it should be."
wing,wing.span_m,0.532526287202532,m,
wing,wing.aspect_ratio,1.8595845502152375,,
wing,wing.taper_ratio_tip_over_root,0.5120481632935137,,
wing,wing.reference_area_m2,0.1524987108162897,m^2,
wing,wing.root_chord_m,0.37878213897622365,m,
wing,wing.tip_chord_m,0.19395469855116376,m,
wing,wing.mean_aerodynamic_chord_m,0.2963093376685434,m,
wing,wing.mac_spanwise_station_from_centreline_m,0.11881064460603848,m,
wing,wing.leading_edge_sweep_deg,13.4220600837535,deg,
wing,wing.quarter_chord_sweep_deg,3.724824297852366,deg,
wing,wing.airfoil_key,thin_cambered,,
wing,wing.thickness_to_chord,0.04,,
wing,wing.root_thickness_m,0.015151285559048946,m,
wing,wing.cl_max_2d,1.2,,
wing,wing.cl_max_sweep_effective,1.1353430154730477,,
wing,wing.oswald_efficiency,0.8469013663472374,,
wing,wing.note,,,"Planform only. The model has NO stability, CG or moment-arm terms, so the wing's LONGITUDINAL POSITION on the body is not an output of this repo -- it is yours to choose. Likewise dihedral, incidence and twist, all of which are zero here because they are unmodelled, not because they were chosen."
tail,tail_surfaces.note,,,"NOT MODELLED. There are no tail/fin surfaces anywhere in this repo -- no area, no volume coefficient, no drag term. A real vehicle needs them and their mass and drag are absent from every number here."
materials,materials_and_gauges.duct_material,steel,,
materials,materials_and_gauges.duct_wall_thickness_m,0.001,m,
materials,materials_and_gauges.duct_wall_thickness_mm,1.0,mm,
materials,materials_and_gauges.duct_wall_driver,"max(hoop stress at pulsejet peak pressure, minimum manufacturable gauge)",,
materials,materials_and_gauges.steel_density_kg_m3,7850.0,m^3,
materials,materials_and_gauges.steel_allowable_stress_pa,125000000.0,Pa,
materials,materials_and_gauges.steel_min_gauge_m,0.001,m,
materials,materials_and_gauges.pulsejet_peak_pressure_ratio,2.16,,
materials,materials_and_gauges.pulsejet_peak_gauge_pressure_pa,117537.00000000001,Pa,
materials,materials_and_gauges.skin_material,CFRP,,
materials,materials_and_gauges.skin_gauge_m,0.0015,m,
materials,materials_and_gauges.cfrp_density_kg_m3,1600.0,m^3,
materials,materials_and_gauges.structural_overhead_fraction,0.35,,
materials,materials_and_gauges.wing_areal_mass_kg_m2,6.0,m^2,
fuel,fuel_system.fuel,Propane representative,,
fuel,fuel_system.fuel_density_kg_m3,493.0,m^3,
fuel,fuel_system.tank_geometry,annulus between the tailpipe OD and the body ID over the tailpipe length,,
fuel,fuel_system.annulus_volume_m3,0.0316359464962177,m^3,
fuel,fuel_system.usable_volume_fraction_of_annulus,0.5,,
fuel,fuel_system.tank_capacity_kg,7.798260811317662,kg,
fuel,fuel_system.fuel_loaded_kg,3.071018500000001,kg,
fuel,fuel_system.reserve_margin,0.25,,
fuel,fuel_system.burn_limit_kg,2.763916650000001,kg,
fuel,fuel_system.burn_limit_rule,90% of LOADED fuel; the last 10% is trapped/unusable,,
fuel,fuel_system.fuel_actually_burned_kg,2.1248,kg,
fuel,fuel_system.annulus_volume_note,"This is the MODEL's tank volume: flow diameter to body diameter over the tailpipe length, ignoring wall thickness and treating the chamber-to-tailpipe cone as zero-length. The 2D propulsion section measured the as-drawn annulus at 28.036 L / 6.911 kg capacity, 11.4% lower. That correction does not threaten the mission -- 6.911 kg still covers the 3.071 kg loaded 2.25x over -- so the model's number is left as flown and the corrected one is stated here.",,
fuel,fuel_system.as_drawn_annulus_volume_m3,0.028036,m^3,
fuel,fuel_system.as_drawn_tank_capacity_kg,6.911,kg,
design_point,design_point.release_velocity_m_s,40.0,s,
design_point,design_point.ramjet_light_mach,0.4881,,
design_point,design_point.ramjet_light_altitude_m,163.4763,m,
design_point,design_point.top_altitude_m,1100.0,m,
design_point,design_point.cutoff_mach,1.1,,
design_point,design_point.peak_mach_flown,1.1,,
design_point,design_point.combustor_total_pressure_ratio,,,
design_point,design_point.combustor_total_pressure_note,"NOT EXPORTED BY THE PROPULSION MODEL. FpPropulsion's trace records thrust, fuel flow and equivalence ratio per re-convergence; combustor p0 is internal to ramjet-fp and is not surfaced. Getting it means adding it to the trace and re-flying (~35 min), which is doable on request.",,
payload,payload_and_avionics.avionics_mass_kg,2.0,kg,
payload,payload_and_avionics.payload_ballast_margin_kg,4.683064531232887,kg,
payload,payload_and_avionics.avionics_volume_m3,,m^3,
payload,payload_and_avionics.avionics_longitudinal_constraint,,,
payload,payload_and_avionics.note,,,"The model carries avionics as a FIXED MASS ALLOWANCE and nothing else -- no volume, no station, no shape. There is no repo answer to give; both are free design variables. Same for the payload/ballast margin, which is by definition the slack left in the mass budget and can be placed anywhere."
