generation,best_score,mean_score,feasible_count,population_size,nominal_peak_mach,adverse_peak_mach,nominal_meets_duration,adverse_meets_duration,mass_margin_kg,body_diameter_m,throat_diameter_m,exit_to_throat_area_ratio,loaded_fuel_mass_kg,ramjet_fuel_fraction,climb_angle_deg,dive_angle_deg,dive_entry_mach
0,-5932.457297528703,-6016.9640772775065,24,24,0.5967352183058926,0.12469495614017655,False,False,5.250854049425936,0.195,0.11,1.2167087561674481,2.5491459505740663,0.6318228118423725,4.435321219626646,-20.0,0.78
1,-5930.0,-5990.508494885894,24,24,0.5565841546954979,0.573131714959072,False,False,5.300000000000001,0.195,0.14195967719813393,1.1969089403969055,2.5,0.2,3.0,-9.484374281144945,0.448190136929592
2,-5930.0,-5972.164508939181,24,24,0.5565841546954979,0.573131714959072,False,False,5.300000000000001,0.195,0.14195967719813393,1.1969089403969055,2.5,0.2,3.0,-9.484374281144945,0.448190136929592
3,-5930.0,-5948.774655916489,24,24,0.39544829290002265,0.12469495614017655,False,False,5.300000000000001,0.195,0.12368104747490442,1.0785933172506885,2.5,0.8,6.9384632885875,-3.0,0.78
4,-5930.0,-5938.726504002302,24,24,0.39544829290002265,0.12469495614017655,False,False,5.300000000000001,0.195,0.12368104747490442,1.0785933172506885,2.5,0.8,6.9384632885875,-3.0,0.78
5,-5930.0,-5933.7512030726975,24,24,0.39544829290002265,0.12469495614017655,False,False,5.300000000000001,0.195,0.12368104747490442,1.0785933172506885,2.5,0.8,6.9384632885875,-3.0,0.78
6,-5930.0,-5932.275790897125,24,24,0.39544829290002265,0.12469495614017655,False,False,5.300000000000001,0.195,0.12368104747490442,1.0785933172506885,2.5,0.8,6.9384632885875,-3.0,0.78
7,-5930.0,-5931.617572564042,24,24,0.34345033665883695,0.12469495614017655,False,False,5.300000000000001,0.195,0.11,1.0696521677711799,2.5,0.8,6.935536954138749,-3.0,0.41694406583260135
8,-5930.0,-5931.137700601624,24,24,0.12469495614017655,0.12469495614017655,False,False,5.300000000000001,0.195,0.11,1.1587769938323857,2.5,0.8,15.0,-8.058139185897302,0.43215871626271835
9,-5930.0,-5930.225252273464,24,24,0.12469495614017655,0.12469495614017655,False,False,5.300000000000001,0.195,0.11,1.1534836126637016,2.5,0.8,7.861576623754439,-6.183074364897633,0.7160523686931973
10,-5930.0,-5930.061432438218,24,24,0.12469495614017655,0.12469495614017655,False,False,5.300000000000001,0.195,0.11,1.1534836126637016,2.5,0.8,7.861576623754439,-6.183074364897633,0.7160523686931973
11,-5930.0,-5930.0,24,24,0.48838415562584636,0.3213088407923615,False,False,5.300000000000001,0.195,0.11,1.02,2.5,0.7717517826170738,3.0,-3.0,0.32758723613101665
12,-5930.0,-5930.0,24,24,0.39583753317406933,0.4135474288365842,False,False,5.300000000000001,0.195,0.11,1.0387439762169215,2.5,0.6683621996931776,3.0,-7.753890531669772,0.3
13,-5930.0,-5930.0,24,24,0.12469495614017655,0.12469495614017655,False,False,5.300000000000001,0.195,0.16671598672842497,1.0544906075141018,2.5,0.6683621996931776,14.682332687878828,-15.144518773967143,0.3
14,-5930.0,-5930.0,24,24,0.12469495614017655,0.12469495614017655,False,False,5.300000000000001,0.195,0.1340592271569983,1.0544906075141018,2.5,0.6541700266334569,13.809315628362906,-4.422912203381946,0.41007381383204367
15,-5930.0,-5930.0,24,24,0.12469495614017655,0.12469495614017655,False,False,5.300000000000001,0.195,0.11,1.02,2.5,0.6541700266334569,15.0,-18.046923644245947,0.78
16,-5930.0,-5930.0,24,24,0.12469495614017655,0.12469495614017655,False,False,5.300000000000001,0.195,0.15276782443136125,1.02,2.5,0.2673896107689918,15.0,-18.046923644245947,0.4155941077978431
17,-5930.0,-5930.0,24,24,0.12469495614017655,0.12469495614017655,False,False,5.300000000000001,0.195,0.15276782443136125,1.1238800834902156,2.5,0.8,14.816251217345489,-6.84056000338781,0.5249670593448692
18,-5930.0,-5930.0,24,24,0.12469495614017655,0.12469495614017655,False,False,5.300000000000001,0.195,0.11287455640470884,1.02,2.5,0.8,9.687970678477209,-6.84056000338781,0.5249670593448692
19,-5930.0,-5930.0,24,24,0.12469495614017655,0.12469495614017655,False,False,5.300000000000001,0.195,0.11287455640470884,1.02,2.5,0.6215129374573279,15.0,-10.930110528216927,0.657388337984851
20,-5930.0,-5930.0,24,24,0.5978173555630908,0.12469495614017655,False,False,5.300000000000001,0.195,0.11,1.0582030935222297,2.5,0.6215129374573279,7.102750106951861,-3.0,0.657388337984851
21,-5930.0,-5930.0,24,24,0.12469495614017655,0.12469495614017655,False,False,5.300000000000001,0.195,0.12828699989348882,1.180098189804474,2.5,0.6215129374573279,11.35824682048234,-11.932633547465416,0.657388337984851
22,-5930.0,-5930.0,24,24,0.12469495614017655,0.12469495614017655,False,False,5.300000000000001,0.195,0.11532582963988935,1.2402196427278533,2.5,0.45266316415251295,11.35824682048234,-11.104138572551097,0.6128002370265948
23,-5930.0,-5930.0,24,24,0.12469495614017655,0.12469495614017655,False,False,5.300000000000001,0.195,0.11,1.1301566711277131,2.5,0.7090412609050954,11.35824682048234,-3.0,0.6128002370265948
24,-5930.0,-5930.0,24,24,0.504858917146975,0.3256965582643394,False,False,5.300000000000001,0.195,0.11,1.0805112370895826,2.5,0.7358109718963377,3.1127378694010472,-15.526929814392123,0.6128002370265948
25,-5930.0,-5930.0,24,24,0.4944691325093527,0.3452898865916007,False,False,5.300000000000001,0.195,0.13921372218300027,1.1240435655025234,2.5,0.7358109718963377,3.0,-15.526929814392123,0.7421002891064267
26,-5930.0,-5930.0,24,24,0.4303476882936589,0.27044231161634896,False,False,5.300000000000001,0.195,0.15055549163783724,1.1240435655025234,2.5,0.7358109718963377,3.0,-15.526929814392123,0.7421002891064267
27,-5930.0,-5930.0,24,24,0.7273002368824575,0.12469495614017655,False,False,5.300000000000001,0.195,0.13897923102095466,1.1240435655025234,2.5,0.4606170349737951,7.3987516520124785,-15.526929814392123,0.78
28,-5930.0,-5930.0,24,24,0.3258515745867773,0.12469495614017655,False,False,5.300000000000001,0.195,0.13378687755032975,1.3,2.5,0.8,7.3987516520124785,-15.526929814392123,0.6788730261047954
29,-5930.0,-5930.0,24,24,0.5733692020382278,0.12469495614017655,False,False,5.300000000000001,0.195,0.13378687755032975,1.2506961149884277,2.5,0.2,6.276485732881682,-9.502959394020898,0.36689217194053314
30,-5922.4,-5929.683333333333,24,24,1.0761598537751609,0.608092070367739,False,False,5.300000000000001,0.195,0.1533682896698234,1.1204673152298446,2.5,0.2,3.0,-3.0,0.6780532566075517
31,-5922.4,-5929.683333333333,24,24,1.0761598537751609,0.608092070367739,False,False,5.300000000000001,0.195,0.1533682896698234,1.1204673152298446,2.5,0.2,3.0,-3.0,0.6780532566075517
32,-5922.4,-5929.683333333333,24,24,1.0761598537751609,0.608092070367739,False,False,5.300000000000001,0.195,0.1533682896698234,1.1204673152298446,2.5,0.2,3.0,-3.0,0.6780532566075517
33,-5922.4,-5929.683333333333,24,24,1.0761598537751609,0.608092070367739,False,False,5.300000000000001,0.195,0.1533682896698234,1.1204673152298446,2.5,0.2,3.0,-3.0,0.6780532566075517
34,-5922.4,-5929.683333333333,24,24,1.0761598537751609,0.608092070367739,False,False,5.300000000000001,0.195,0.1533682896698234,1.1204673152298446,2.5,0.2,3.0,-3.0,0.6780532566075517
35,-5922.4,-5929.683333333333,24,24,1.0761598537751609,0.608092070367739,False,False,5.300000000000001,0.195,0.1533682896698234,1.1204673152298446,2.5,0.2,3.0,-3.0,0.6780532566075517
36,-5922.4,-5929.416666666667,24,24,1.0761598537751609,0.608092070367739,False,False,5.300000000000001,0.195,0.1533682896698234,1.1204673152298446,2.5,0.2,3.0,-3.0,0.6780532566075517
37,-5922.4,-5929.416666666667,24,24,1.0761598537751609,0.608092070367739,False,False,5.300000000000001,0.195,0.1533682896698234,1.1204673152298446,2.5,0.2,3.0,-3.0,0.6780532566075517
38,-5922.4,-5929.416666666667,24,24,1.0761598537751609,0.608092070367739,False,False,5.300000000000001,0.195,0.1533682896698234,1.1204673152298446,2.5,0.2,3.0,-3.0,0.6780532566075517
39,-5922.4,-5929.416666666667,24,24,1.0761598537751609,0.608092070367739,False,False,5.300000000000001,0.195,0.1533682896698234,1.1204673152298446,2.5,0.2,3.0,-3.0,0.6780532566075517
40,-5922.4,-5929.416666666667,24,24,1.0761598537751609,0.608092070367739,False,False,5.300000000000001,0.195,0.1533682896698234,1.1204673152298446,2.5,0.2,3.0,-3.0,0.6780532566075517
41,-5922.4,-5929.416666666667,24,24,1.0761598537751609,0.608092070367739,False,False,5.300000000000001,0.195,0.1533682896698234,1.1204673152298446,2.5,0.2,3.0,-3.0,0.6780532566075517
42,-5922.4,-5929.416666666667,24,24,1.0761598537751609,0.608092070367739,False,False,5.300000000000001,0.195,0.1533682896698234,1.1204673152298446,2.5,0.2,3.0,-3.0,0.6780532566075517
43,-5922.4,-5929.416666666667,24,24,1.0761598537751609,0.608092070367739,False,False,5.300000000000001,0.195,0.1533682896698234,1.1204673152298446,2.5,0.2,3.0,-3.0,0.6780532566075517
44,-5922.4,-5929.099999999999,24,24,1.0761598537751609,0.608092070367739,False,False,5.300000000000001,0.195,0.1533682896698234,1.1204673152298446,2.5,0.2,3.0,-3.0,0.6780532566075517
45,-5922.0,-5929.083333333333,24,24,1.0795596341450804,0.608092070367739,False,False,5.300000000000001,0.195,0.1533682896698234,1.1204673152298446,2.5,0.2,3.0,-14.730974685386675,0.78
46,-4715.2,-5878.533333333333,24,24,1.108841527929027,0.6460617755927266,False,False,5.300000000000001,0.195,0.1533682896698234,1.02,2.5,0.2,3.0,-3.0,0.6780532566075517
47,-4715.2,-5878.433333333333,24,24,1.108841527929027,0.6460617755927266,False,False,5.300000000000001,0.195,0.1533682896698234,1.02,2.5,0.2,3.0,-3.0,0.6780532566075517
48,-4715.2,-5878.433333333333,24,24,1.108841527929027,0.6460617755927266,False,False,5.300000000000001,0.195,0.1533682896698234,1.02,2.5,0.2,3.0,-3.0,0.6780532566075517
49,-3904.0,-5743.25,24,24,1.108242450784986,0.12469495614017655,True,False,5.300000000000001,0.195,0.14521999226377544,1.0557971957829992,2.5,0.27607334475620343,7.179752797288453,-9.78793709433485,0.720360092035513
50,-3904.0,-5743.25,24,24,1.108242450784986,0.12469495614017655,True,False,5.300000000000001,0.195,0.14521999226377544,1.0557971957829992,2.5,0.27607334475620343,7.179752797288453,-9.78793709433485,0.720360092035513
51,-3904.0,-5690.966666666667,24,24,1.108242450784986,0.12469495614017655,True,False,5.300000000000001,0.195,0.14521999226377544,1.0557971957829992,2.5,0.27607334475620343,7.179752797288453,-9.78793709433485,0.720360092035513
52,-3904.0,-5588.583333333333,24,24,1.108242450784986,0.12469495614017655,True,False,5.300000000000001,0.195,0.14521999226377544,1.0557971957829992,2.5,0.27607334475620343,7.179752797288453,-9.78793709433485,0.720360092035513
53,-3893.2,-5403.033333333334,24,24,1.105712867337923,0.5754204755467719,True,False,5.300000000000001,0.195,0.14969828536164007,1.0390335070816465,2.5,0.308368980302436,4.262417817513127,-3.0,0.78
54,-3878.8,-5097.066666666667,24,24,1.1045164447615823,0.5948986698045724,True,False,5.300000000000001,0.195,0.1384113690303766,1.0487094815911644,2.5,0.43030051866379154,3.1027713976015057,-8.759730826612047,0.7670569435444009
55,-3878.8,-4943.150000000001,24,24,1.1045164447615823,0.5948986698045724,True,False,5.300000000000001,0.195,0.1384113690303766,1.0487094815911644,2.5,0.43030051866379154,3.1027713976015057,-8.759730826612047,0.7670569435444009
56,-3878.8,-4773.0,24,24,1.1061533917218316,0.5948986698045724,True,False,5.300000000000001,0.195,0.1384113690303766,1.0487094815911644,2.5,0.43030051866379154,3.1027713976015057,-4.07591208694525,0.7179528160041493
57,-3878.8,-4722.766666666666,24,24,1.1061533917218316,0.5948986698045724,True,False,5.300000000000001,0.195,0.1384113690303766,1.0487094815911644,2.5,0.43030051866379154,3.1027713976015057,-4.07591208694525,0.7179528160041493
58,-3878.8,-4435.866666666666,24,24,1.1061533917218316,0.5948986698045724,True,False,5.300000000000001,0.195,0.1384113690303766,1.0487094815911644,2.5,0.43030051866379154,3.1027713976015057,-4.07591208694525,0.7179528160041493
59,-3878.8,-4215.900000000001,24,24,1.1061533917218316,0.5948986698045724,True,False,5.300000000000001,0.195,0.1384113690303766,1.0487094815911644,2.5,0.43030051866379154,3.1027713976015057,-4.07591208694525,0.7179528160041493
