grid,method,mach,alpha_deg,beta_deg,solve_s,CDi,CDo,CDtot,CLtot,CMxtot,CMytot,CMztot,CStot,E,L/D,d_CD_Alpha,d_CD_Beta,d_CD_Mach,d_CD_U,d_CD_p,d_CD_q,d_CD_r,d_CFx_Alpha,d_CFx_Beta,d_CFx_Mach,d_CFx_U,d_CFx_p,d_CFx_q,d_CFx_r,d_CFy_Alpha,d_CFy_Beta,d_CFy_Mach,d_CFy_U,d_CFy_p,d_CFy_q,d_CFy_r,d_CFz_Alpha,d_CFz_Beta,d_CFz_Mach,d_CFz_U,d_CFz_p,d_CFz_q,d_CFz_r,d_CL_Alpha,d_CL_Beta,d_CL_Mach,d_CL_U,d_CL_p,d_CL_q,d_CL_r,d_CMl_Alpha,d_CMl_Beta,d_CMl_Mach,d_CMl_U,d_CMl_p,d_CMl_q,d_CMl_r,d_CMm_Alpha,d_CMm_Beta,d_CMm_Mach,d_CMm_U,d_CMm_p,d_CMm_q,d_CMm_r,d_CMn_Alpha,d_CMn_Beta,d_CMn_Mach,d_CMn_U,d_CMn_p,d_CMn_q,d_CMn_r,d_CMx_Alpha,d_CMx_Beta,d_CMx_Mach,d_CMx_U,d_CMx_p,d_CMx_q,d_CMx_r,d_CMy_Alpha,d_CMy_Beta,d_CMy_Mach,d_CMy_U,d_CMy_p,d_CMy_q,d_CMy_r,d_CMz_Alpha,d_CMz_Beta,d_CMz_Mach,d_CMz_U,d_CMz_p,d_CMz_q,d_CMz_r,d_CS_Alpha,d_CS_Beta,d_CS_Mach,d_CS_U,d_CS_p,d_CS_q,d_CS_r
vlm_subsonic,vortex_lattice,0.2,-4.0,0.0,18.86,0.000632672223,0.019654294631,0.020286966854,-0.083657897474,5.1428495e-05,-0.262689332793,0.003754761125,0.000768054831,1.893517887066,,,,,,,,,,,,,,,,,,,,,,,,,,,,,,,,,,,,,,,,,,,,,,,,,,,,,,,,,,,,,,,,,,,,,,,,,,,,,,,,,,,,,
vlm_subsonic,vortex_lattice,0.2,-2.0,0.0,18.42,0.001220272806,0.019410880296,0.020631153102,-0.025827845559,3.7584568e-05,-0.155094840284,0.004547580595,0.001399373542,0.093573681606,,,,,,,,,,,,,,,,,,,,,,,,,,,,,,,,,,,,,,,,,,,,,,,,,,,,,,,,,,,,,,,,,,,,,,,,,,,,,,,,,,,,,
vlm_subsonic,vortex_lattice,0.2,0.0,0.0,20.41,0.00243074111,0.019221071154,0.021651812264,0.031340765431,-4.4667265e-05,-0.047819776695,0.005395868957,0.001992353122,0.069169522903,,,,,,,,,,,,,,,,,,,,,,,,,,,,,,,,,,,,,,,,,,,,,,,,,,,,,,,,,,,,,,,,,,,,,,,,,,,,,,,,,,,,,
vlm_subsonic,vortex_lattice,0.2,2.0,0.0,19.23,0.004461811581,0.01947135743,0.023933169011,0.087372674729,-5.409698e-05,0.061999611916,0.005261388709,0.001963306962,0.292869620065,,,,,,,,,,,,,,,,,,,,,,,,,,,,,,,,,,,,,,,,,,,,,,,,,,,,,,,,,,,,,,,,,,,,,,,,,,,,,,,,,,,,,
vlm_subsonic,vortex_lattice,0.2,4.0,0.0,20.71,0.006837970154,0.019777260172,0.026615230326,0.141502722015,-8.1478501e-05,0.179505881196,0.006846214307,0.003091586162,0.501229560385,,,,,,,,,,,,,,,,,,,,,,,,,,,,,,,,,,,,,,,,,,,,,,,,,,,,,,,,,,,,,,,,,,,,,,,,,,,,,,,,,,,,,
vlm_subsonic,vortex_lattice,0.2,6.0,0.0,20.17,0.010366890375,0.020148014499,0.030514904874,0.196585094529,-7.4177899e-05,0.295594839528,0.007597265417,0.003404997535,0.638097368496,,,,,,,,,,,,,,,,,,,,,,,,,,,,,,,,,,,,,,,,,,,,,,,,,,,,,,,,,,,,,,,,,,,,,,,,,,,,,,,,,,,,,
vlm_subsonic,vortex_lattice,0.2,8.0,0.0,19.2,0.015209281251,0.020593064365,0.035802345616,0.253238655135,0.000236625616,0.411780628288,0.008168477223,0.00399193479,0.721748008638,,,,,,,,,,,,,,,,,,,,,,,,,,,,,,,,,,,,,,,,,,,,,,,,,,,,,,,,,,,,,,,,,,,,,,,,,,,,,,,,,,,,,
vlm_subsonic,vortex_lattice,0.2,10.0,0.0,20.13,0.023235909578,0.021091647276,0.044327556853,0.311046816134,-7.8582554e-05,0.515998154005,0.009440257344,0.004850264346,0.712731791723,,,,,,,,,,,,,,,,,,,,,,,,,,,,,,,,,,,,,,,,,,,,,,,,,,,,,,,,,,,,,,,,,,,,,,,,,,,,,,,,,,,,,
vlm_subsonic,vortex_lattice,0.3,-4.0,0.0,17.03,0.000601922712,0.019655212087,0.020257134799,-0.08509765186,3.0605022e-05,-0.265375707422,0.004234508914,0.000894956979,2.059343107947,,,,,,,,,,,,,,,,,,,,,,,,,,,,,,,,,,,,,,,,,,,,,,,,,,,,,,,,,,,,,,,,,,,,,,,,,,,,,,,,,,,,,
vlm_subsonic,vortex_lattice,0.3,-2.0,0.0,16.97,0.001134751006,0.019411190782,0.020545941788,-0.026495265006,3.5792494e-05,-0.156527258369,0.005078932558,0.001575915901,0.105893730288,,,,,,,,,,,,,,,,,,,,,,,,,,,,,,,,,,,,,,,,,,,,,,,,,,,,,,,,,,,,,,,,,,,,,,,,,,,,,,,,,,,,,
vlm_subsonic,vortex_lattice,0.3,0.0,0.0,16.56,0.002482862414,0.019221573473,0.021704435887,0.031860945661,-9.391965e-06,-0.048882608369,0.005578599075,0.001968928316,0.069984031703,,,,,,,,,,,,,,,,,,,,,,,,,,,,,,,,,,,,,,,,,,,,,,,,,,,,,,,,,,,,,,,,,,,,,,,,,,,,,,,,,,,,,
vlm_subsonic,vortex_lattice,0.3,2.0,0.0,16.83,0.004585479624,0.019473700577,0.0240591802,0.088722599685,-7.3822651e-05,0.062344515572,0.00582255672,0.002136395007,0.293844819063,,,,,,,,,,,,,,,,,,,,,,,,,,,,,,,,,,,,,,,,,,,,,,,,,,,,,,,,,,,,,,,,,,,,,,,,,,,,,,,,,,,,,
vlm_subsonic,vortex_lattice,0.3,4.0,0.0,17.47,0.006935973552,0.019780598,0.026716571551,0.143031462432,-0.000171420637,0.182346463627,0.007735744449,0.003450697035,0.504882151864,,,,,,,,,,,,,,,,,,,,,,,,,,,,,,,,,,,,,,,,,,,,,,,,,,,,,,,,,,,,,,,,,,,,,,,,,,,,,,,,,,,,,
vlm_subsonic,vortex_lattice,0.3,6.0,0.0,16.9,0.010581387844,0.020153562318,0.030734950161,0.198625083367,-0.000133233326,0.300327852758,0.008623763258,0.003795713679,0.638204467967,,,,,,,,,,,,,,,,,,,,,,,,,,,,,,,,,,,,,,,,,,,,,,,,,,,,,,,,,,,,,,,,,,,,,,,,,,,,,,,,,,,,,
vlm_subsonic,vortex_lattice,0.3,8.0,0.0,15.66,0.015872469202,0.020596503147,0.036468972349,0.254972942927,-0.000314326496,0.416661436254,0.010370935312,0.004832638432,0.701096806005,,,,,,,,,,,,,,,,,,,,,,,,,,,,,,,,,,,,,,,,,,,,,,,,,,,,,,,,,,,,,,,,,,,,,,,,,,,,,,,,,,,,,
vlm_subsonic,vortex_lattice,0.3,10.0,0.0,15.97,0.023544341827,0.021106871937,0.044651213764,0.314519450662,-0.000318418032,0.523254299006,0.010177660339,0.005111541358,0.719188527386,,,,,,,,,,,,,,,,,,,,,,,,,,,,,,,,,,,,,,,,,,,,,,,,,,,,,,,,,,,,,,,,,,,,,,,,,,,,,,,,,,,,,
vlm_subsonic,vortex_lattice,0.4,-4.0,0.0,17.02,0.000602876789,0.019656608613,0.020259485402,-0.087249171653,3.9709252e-05,-0.270290360441,0.005526100388,0.001398812835,2.161366168764,,,,,,,,,,,,,,,,,,,,,,,,,,,,,,,,,,,,,,,,,,,,,,,,,,,,,,,,,,,,,,,,,,,,,,,,,,,,,,,,,,,,,
vlm_subsonic,vortex_lattice,0.4,-2.0,0.0,16.64,0.000912375833,0.019411669207,0.02032404504,-0.027662821769,3.3772632e-05,-0.158481557151,0.006135774541,0.001974000777,0.143566618831,,,,,,,,,,,,,,,,,,,,,,,,,,,,,,,,,,,,,,,,,,,,,,,,,,,,,,,,,,,,,,,,,,,,,,,,,,,,,,,,,,,,,
vlm_subsonic,vortex_lattice,0.4,0.0,0.0,18.9,0.002233561191,0.019222167592,0.021455728783,0.031917885199,-2.5373265e-05,-0.049143828928,0.006826552481,0.002487392447,0.078073679954,,,,,,,,,,,,,,,,,,,,,,,,,,,,,,,,,,,,,,,,,,,,,,,,,,,,,,,,,,,,,,,,,,,,,,,,,,,,,,,,,,,,,
vlm_subsonic,vortex_lattice,0.4,2.0,0.0,21.54,0.004506535585,0.019476247172,0.023982782758,0.090152913133,-2.7203874e-05,0.064173181763,0.007244531654,0.002727011994,0.308710224124,,,,,,,,,,,,,,,,,,,,,,,,,,,,,,,,,,,,,,,,,,,,,,,,,,,,,,,,,,,,,,,,,,,,,,,,,,,,,,,,,,,,,
vlm_subsonic,vortex_lattice,0.4,4.0,0.0,19.71,0.007183561139,0.019786680571,0.02697024171,0.146340330468,-4.3086941e-05,0.184694462051,0.008632796686,0.00372461197,0.510296463764,,,,,,,,,,,,,,,,,,,,,,,,,,,,,,,,,,,,,,,,,,,,,,,,,,,,,,,,,,,,,,,,,,,,,,,,,,,,,,,,,,,,,
vlm_subsonic,vortex_lattice,0.4,6.0,0.0,17.78,0.010771899332,0.020162375868,0.0309342752,0.202176979747,-0.000188127863,0.307608981669,0.009866550793,0.004301418062,0.649539267507,,,,,,,,,,,,,,,,,,,,,,,,,,,,,,,,,,,,,,,,,,,,,,,,,,,,,,,,,,,,,,,,,,,,,,,,,,,,,,,,,,,,,
vlm_subsonic,vortex_lattice,0.4,8.0,0.0,16.61,0.016249286091,0.020609533139,0.03685881923,0.259476697326,-0.000414291735,0.425738674011,0.011295504398,0.005155556044,0.709245724184,,,,,,,,,,,,,,,,,,,,,,,,,,,,,,,,,,,,,,,,,,,,,,,,,,,,,,,,,,,,,,,,,,,,,,,,,,,,,,,,,,,,,
vlm_subsonic,vortex_lattice,0.4,10.0,0.0,16.51,0.023450225456,0.021123183346,0.044573408803,0.316185129627,-0.000330893097,0.543804746924,0.011288051666,0.005481604003,0.729743352866,,,,,,,,,,,,,,,,,,,,,,,,,,,,,,,,,,,,,,,,,,,,,,,,,,,,,,,,,,,,,,,,,,,,,,,,,,,,,,,,,,,,,
vlm_subsonic,vortex_lattice,0.5,-4.0,0.0,16.99,8.1553037e-05,0.019658748354,0.019740301391,-0.091168648322,6.2017499e-05,-0.277394856201,0.007385561712,0.002152424084,17.44557063855,,,,,,,,,,,,,,,,,,,,,,,,,,,,,,,,,,,,,,,,,,,,,,,,,,,,,,,,,,,,,,,,,,,,,,,,,,,,,,,,,,,,,
vlm_subsonic,vortex_lattice,0.5,-2.0,0.0,16.61,0.000376328777,0.019412388734,0.019788717511,-0.029586331792,1.5871752e-05,-0.161505501035,0.008137320848,0.002801897514,0.398152187243,,,,,,,,,,,,,,,,,,,,,,,,,,,,,,,,,,,,,,,,,,,,,,,,,,,,,,,,,,,,,,,,,,,,,,,,,,,,,,,,,,,,,
vlm_subsonic,vortex_lattice,0.5,0.0,0.0,16.32,0.001653632623,0.019222830697,0.02087646332,0.031518942529,2.4958296e-05,-0.047470306884,0.00895332166,0.003429385491,0.102834427243,,,,,,,,,,,,,,,,,,,,,,,,,,,,,,,,,,,,,,,,,,,,,,,,,,,,,,,,,,,,,,,,,,,,,,,,,,,,,,,,,,,,,
vlm_subsonic,vortex_lattice,0.5,2.0,0.0,17.75,0.004103289433,0.019479445001,0.023582734433,0.092175090198,-9.8918688e-05,0.067924877717,0.009404377788,0.003669436633,0.354429024222,,,,,,,,,,,,,,,,,,,,,,,,,,,,,,,,,,,,,,,,,,,,,,,,,,,,,,,,,,,,,,,,,,,,,,,,,,,,,,,,,,,,,
vlm_subsonic,vortex_lattice,0.5,4.0,0.0,15.96,0.007141703616,0.01979393245,0.026935636067,0.150500429305,-7.9617474e-05,0.192508207425,0.010544500431,0.004491422113,0.542885126053,,,,,,,,,,,,,,,,,,,,,,,,,,,,,,,,,,,,,,,,,,,,,,,,,,,,,,,,,,,,,,,,,,,,,,,,,,,,,,,,,,,,,
vlm_subsonic,vortex_lattice,0.5,6.0,0.0,16.39,0.010584595072,0.020173331336,0.030757926408,0.206602792543,-2.7250377e-05,0.322368190563,0.011969576004,0.005244921852,0.690291323946,,,,,,,,,,,,,,,,,,,,,,,,,,,,,,,,,,,,,,,,,,,,,,,,,,,,,,,,,,,,,,,,,,,,,,,,,,,,,,,,,,,,,
vlm_subsonic,vortex_lattice,0.5,8.0,0.0,15.48,0.01599516861,0.020621708634,0.036616877244,0.262828213037,-0.000246939994,0.447307970196,0.012872979183,0.005853761934,0.73924676122,,,,,,,,,,,,,,,,,,,,,,,,,,,,,,,,,,,,,,,,,,,,,,,,,,,,,,,,,,,,,,,,,,,,,,,,,,,,,,,,,,,,,
vlm_subsonic,vortex_lattice,0.5,10.0,0.0,14.65,0.024280502197,0.021145325212,0.045425827409,0.323087983889,-0.00043621027,0.566403017431,0.013492097268,0.006311840953,0.735899039046,,,,,,,,,,,,,,,,,,,,,,,,,,,,,,,,,,,,,,,,,,,,,,,,,,,,,,,,,,,,,,,,,,,,,,,,,,,,,,,,,,,,,
vlm_subsonic,vortex_lattice,0.6,-4.0,0.0,16.23,-0.000590688544,0.019660799542,0.019070110998,-0.096518081474,4.6781973e-05,-0.291253016889,0.0101111958,0.003156326596,-2.699560728849,,,,,,,,,,,,,,,,,,,,,,,,,,,,,,,,,,,,,,,,,,,,,,,,,,,,,,,,,,,,,,,,,,,,,,,,,,,,,,,,,,,,,
vlm_subsonic,vortex_lattice,0.6,-2.0,0.0,15.69,-0.000646310544,0.019413240245,0.0187669297,-0.032673414771,2.212377e-06,-0.165536345414,0.011366482651,0.004052733286,-0.282736644173,,,,,,,,,,,,,,,,,,,,,,,,,,,,,,,,,,,,,,,,,,,,,,,,,,,,,,,,,,,,,,,,,,,,,,,,,,,,,,,,,,,,,
vlm_subsonic,vortex_lattice,0.6,0.0,0.0,16.83,0.000547855306,0.019224161093,0.019772016399,0.031185287088,-2.6579694e-05,-0.044062668279,0.01223448296,0.004697531786,0.303856064858,,,,,,,,,,,,,,,,,,,,,,,,,,,,,,,,,,,,,,,,,,,,,,,,,,,,,,,,,,,,,,,,,,,,,,,,,,,,,,,,,,,,,
vlm_subsonic,vortex_lattice,0.6,2.0,0.0,16.66,0.003023187486,0.019482322017,0.022505509503,0.093799767427,-8.386881e-05,0.0803717569,0.012923810186,0.005123776933,0.49816444769,,,,,,,,,,,,,,,,,,,,,,,,,,,,,,,,,,,,,,,,,,,,,,,,,,,,,,,,,,,,,,,,,,,,,,,,,,,,,,,,,,,,,
vlm_subsonic,vortex_lattice,0.6,4.0,0.0,16.52,0.006539173838,0.019802231089,0.026341404927,0.155771752477,-0.000120921712,0.208647908068,0.013820164713,0.005701502776,0.635168303019,,,,,,,,,,,,,,,,,,,,,,,,,,,,,,,,,,,,,,,,,,,,,,,,,,,,,,,,,,,,,,,,,,,,,,,,,,,,,,,,,,,,,
vlm_subsonic,vortex_lattice,0.6,6.0,0.0,15.87,0.01098911397,0.020189470979,0.031178584949,0.214726648023,-6.5661766e-05,0.344298606646,0.0147764963,0.006321460992,0.718196856709,,,,,,,,,,,,,,,,,,,,,,,,,,,,,,,,,,,,,,,,,,,,,,,,,,,,,,,,,,,,,,,,,,,,,,,,,,,,,,,,,,,,,
vlm_subsonic,vortex_lattice,0.6,8.0,0.0,16.02,0.016897723985,0.020648701101,0.037546425086,0.273322068706,-3.1038463e-05,0.475802287787,0.014993758873,0.006611160708,0.756755306024,,,,,,,,,,,,,,,,,,,,,,,,,,,,,,,,,,,,,,,,,,,,,,,,,,,,,,,,,,,,,,,,,,,,,,,,,,,,,,,,,,,,,
vlm_subsonic,vortex_lattice,0.6,10.0,0.0,15.0,0.024665023136,0.02118510587,0.045850129006,0.331979329511,-0.000569311197,0.6086055629,0.015774240891,0.006844019626,0.764847494033,,,,,,,,,,,,,,,,,,,,,,,,,,,,,,,,,,,,,,,,,,,,,,,,,,,,,,,,,,,,,,,,,,,,,,,,,,,,,,,,,,,,,
vlm_subsonic,vortex_lattice,0.7,-4.0,0.0,15.73,-0.003016526062,0.019663793913,0.016647267851,-0.105826885523,2.9361822e-05,-0.312231609649,0.016288757369,0.005664214343,-0.635505387406,,,,,,,,,,,,,,,,,,,,,,,,,,,,,,,,,,,,,,,,,,,,,,,,,,,,,,,,,,,,,,,,,,,,,,,,,,,,,,,,,,,,,
vlm_subsonic,vortex_lattice,0.7,-2.0,0.0,15.71,-0.003542996458,0.019414129125,0.015871132668,-0.036576652814,2.1612297e-05,-0.174383253778,0.017542017281,0.006586624608,-0.064635556181,,,,,,,,,,,,,,,,,,,,,,,,,,,,,,,,,,,,,,,,,,,,,,,,,,,,,,,,,,,,,,,,,,,,,,,,,,,,,,,,,,,,,
vlm_subsonic,vortex_lattice,0.7,0.0,0.0,15.95,-0.002439827596,0.019226209428,0.016786381832,0.032754009907,-3.1368153e-05,-0.041541216608,0.019077245773,0.007537755851,-0.07526691249,,,,,,,,,,,,,,,,,,,,,,,,,,,,,,,,,,,,,,,,,,,,,,,,,,,,,,,,,,,,,,,,,,,,,,,,,,,,,,,,,,,,,
vlm_subsonic,vortex_lattice,0.7,2.0,0.0,16.02,0.000372808465,0.019488331918,0.019861140383,0.099899379506,-6.270667e-05,0.097039836597,0.019825491287,0.008044785416,4.582200669649,,,,,,,,,,,,,,,,,,,,,,,,,,,,,,,,,,,,,,,,,,,,,,,,,,,,,,,,,,,,,,,,,,,,,,,,,,,,,,,,,,,,,
vlm_subsonic,vortex_lattice,0.7,4.0,0.0,15.67,0.004298459816,0.019813686442,0.024112146258,0.165694269412,-6.8854222e-05,0.240835213656,0.020312323617,0.008354015876,1.09329256364,,,,,,,,,,,,,,,,,,,,,,,,,,,,,,,,,,,,,,,,,,,,,,,,,,,,,,,,,,,,,,,,,,,,,,,,,,,,,,,,,,,,,
vlm_subsonic,vortex_lattice,0.7,6.0,0.0,15.46,0.010008687087,0.020213563091,0.030222250178,0.230469704309,6.2488757e-05,0.38567734265,0.020877567457,0.008907688961,0.908416190507,,,,,,,,,,,,,,,,,,,,,,,,,,,,,,,,,,,,,,,,,,,,,,,,,,,,,,,,,,,,,,,,,,,,,,,,,,,,,,,,,,,,,
vlm_subsonic,vortex_lattice,0.7,8.0,0.0,15.75,0.018186801357,0.020685174213,0.03887197557,0.29382267049,2.7091855e-05,0.530467932642,0.021903938225,0.00936262864,0.812547144249,,,,,,,,,,,,,,,,,,,,,,,,,,,,,,,,,,,,,,,,,,,,,,,,,,,,,,,,,,,,,,,,,,,,,,,,,,,,,,,,,,,,,
vlm_subsonic,vortex_lattice,0.7,10.0,0.0,15.04,0.026271128648,0.021238076959,0.047509205607,0.353120545171,2.3500748e-05,0.679653198845,0.020263028638,0.008564898486,0.812459141958,,,,,,,,,,,,,,,,,,,,,,,,,,,,,,,,,,,,,,,,,,,,,,,,,,,,,,,,,,,,,,,,,,,,,,,,,,,,,,,,,,,,,
vlm_subsonic,vortex_lattice,0.8,-4.0,0.0,17.3,-0.017052453651,0.019668413563,0.002615959912,-0.133198918779,2.0677995e-05,-0.343158320333,0.038423664643,0.016423827249,-0.178093803705,,,,,,,,,,,,,,,,,,,,,,,,,,,,,,,,,,,,,,,,,,,,,,,,,,,,,,,,,,,,,,,,,,,,,,,,,,,,,,,,,,,,,
vlm_subsonic,vortex_lattice,0.8,-2.0,0.0,16.96,-0.018049264825,0.019416163763,0.001366898937,-0.053585654017,4.832747e-06,-0.175391848942,0.038726457564,0.016768998009,-0.027231517445,,,,,,,,,,,,,,,,,,,,,,,,,,,,,,,,,,,,,,,,,,,,,,,,,,,,,,,,,,,,,,,,,,,,,,,,,,,,,,,,,,,,,
vlm_subsonic,vortex_lattice,0.8,0.0,0.0,17.32,-0.018706406472,0.019229670475,0.000523264002,0.024971055975,-2.1761091e-05,-0.011893193153,0.042462154481,0.019178818722,-0.005705815675,,,,,,,,,,,,,,,,,,,,,,,,,,,,,,,,,,,,,,,,,,,,,,,,,,,,,,,,,,,,,,,,,,,,,,,,,,,,,,,,,,,,,
vlm_subsonic,vortex_lattice,0.8,2.0,0.0,18.53,-0.014588981608,0.019498082918,0.004909101309,0.102228968956,-5.6168828e-05,0.156059033438,0.041902418368,0.018813874599,-0.122618859652,,,,,,,,,,,,,,,,,,,,,,,,,,,,,,,,,,,,,,,,,,,,,,,,,,,,,,,,,,,,,,,,,,,,,,,,,,,,,,,,,,,,,
vlm_subsonic,vortex_lattice,0.8,4.0,0.0,18.19,-0.011084106019,0.019833937335,0.008749831315,0.175751245335,-7.997643e-06,0.335661752632,0.044251992661,0.020357183284,-0.477013246281,,,,,,,,,,,,,,,,,,,,,,,,,,,,,,,,,,,,,,,,,,,,,,,,,,,,,,,,,,,,,,,,,,,,,,,,,,,,,,,,,,,,,
vlm_subsonic,vortex_lattice,0.8,6.0,0.0,16.9,0.000674987687,0.020246917792,0.020921905479,0.253637743977,0.000152462639,0.501948083147,0.038237954921,0.016624031671,16.314215722904,,,,,,,,,,,,,,,,,,,,,,,,,,,,,,,,,,,,,,,,,,,,,,,,,,,,,,,,,,,,,,,,,,,,,,,,,,,,,,,,,,,,,
vlm_subsonic,vortex_lattice,0.8,8.0,0.0,15.76,0.011565474949,0.020744941297,0.032310416246,0.327221114106,-0.000117139964,0.678928144183,0.040199583436,0.017498120381,1.584723338897,,,,,,,,,,,,,,,,,,,,,,,,,,,,,,,,,,,,,,,,,,,,,,,,,,,,,,,,,,,,,,,,,,,,,,,,,,,,,,,,,,,,,
vlm_subsonic,vortex_lattice,0.8,10.0,0.0,15.82,0.025148086181,0.021314409373,0.046462495554,0.391718278494,-0.000235326424,0.861405016388,0.035950887625,0.014916738119,1.044424432386,,,,,,,,,,,,,,,,,,,,,,,,,,,,,,,,,,,,,,,,,,,,,,,,,,,,,,,,,,,,,,,,,,,,,,,,,,,,,,,,,,,,,
vlm_sideslip,vortex_lattice,0.3,0.0,-4.0,15.22,0.001465888333,0.019668251465,0.021134139798,0.033234007195,-8.2367347e-05,-0.054208353663,-0.145231076753,0.044885777973,0.128973005085,,,,,,,,,,,,,,,,,,,,,,,,,,,,,,,,,,,,,,,,,,,,,,,,,,,,,,,,,,,,,,,,,,,,,,,,,,,,,,,,,,,,,
vlm_sideslip,vortex_lattice,0.3,4.0,-4.0,15.96,0.006902093411,0.020000734367,0.026902827778,0.147239956135,-0.002155351982,0.166592083373,-0.143572222042,0.045146125055,0.537656393479,,,,,,,,,,,,,,,,,,,,,,,,,,,,,,,,,,,,,,,,,,,,,,,,,,,,,,,,,,,,,,,,,,,,,,,,,,,,,,,,,,,,,
vlm_sideslip,vortex_lattice,0.3,0.0,0.0,15.66,0.002482862414,0.019221573473,0.021704435887,0.031860945661,-9.391965e-06,-0.048882608369,0.005578599075,0.001968928316,0.069984031703,,,,,,,,,,,,,,,,,,,,,,,,,,,,,,,,,,,,,,,,,,,,,,,,,,,,,,,,,,,,,,,,,,,,,,,,,,,,,,,,,,,,,
vlm_sideslip,vortex_lattice,0.3,4.0,0.0,15.45,0.006935973552,0.019780598,0.026716571551,0.143031462432,-0.000171420637,0.182346463627,0.007735744449,0.003450697035,0.504882151864,,,,,,,,,,,,,,,,,,,,,,,,,,,,,,,,,,,,,,,,,,,,,,,,,,,,,,,,,,,,,,,,,,,,,,,,,,,,,,,,,,,,,
vlm_sideslip,vortex_lattice,0.3,0.0,4.0,16.03,0.000596754239,0.019666258953,0.020263013192,0.031244780483,6.1549722e-05,-0.048517027187,0.158629555209,-0.039967972378,0.28002301757,,,,,,,,,,,,,,,,,,,,,,,,,,,,,,,,,,,,,,,,,,,,,,,,,,,,,,,,,,,,,,,,,,,,,,,,,,,,,,,,,,,,,
vlm_sideslip,vortex_lattice,0.3,4.0,4.0,15.89,0.005321760283,0.019998863078,0.025320623361,0.144793558795,0.001954380628,0.174181146344,0.159398365157,-0.038146474017,0.674337738856,,,,,,,,,,,,,,,,,,,,,,,,,,,,,,,,,,,,,,,,,,,,,,,,,,,,,,,,,,,,,,,,,,,,,,,,,,,,,,,,,,,,,
vlm_sideslip,vortex_lattice,0.6,0.0,-4.0,16.12,0.000433630032,0.019678358275,0.020111988307,0.033844754293,-0.000593547573,-0.053689780531,-0.159398802675,0.053568284448,0.452165753936,,,,,,,,,,,,,,,,,,,,,,,,,,,,,,,,,,,,,,,,,,,,,,,,,,,,,,,,,,,,,,,,,,,,,,,,,,,,,,,,,,,,,
vlm_sideslip,vortex_lattice,0.6,4.0,-4.0,15.37,0.00714762196,0.020027528049,0.027175150009,0.159224437615,-0.003728317685,0.194730544306,-0.155343534739,0.054356244235,0.607144634089,,,,,,,,,,,,,,,,,,,,,,,,,,,,,,,,,,,,,,,,,,,,,,,,,,,,,,,,,,,,,,,,,,,,,,,,,,,,,,,,,,,,,
vlm_sideslip,vortex_lattice,0.6,0.0,0.0,17.01,0.000547855306,0.019224161093,0.019772016399,0.031185287088,-2.6579694e-05,-0.044062668279,0.01223448296,0.004697531786,0.303856064858,,,,,,,,,,,,,,,,,,,,,,,,,,,,,,,,,,,,,,,,,,,,,,,,,,,,,,,,,,,,,,,,,,,,,,,,,,,,,,,,,,,,,
vlm_sideslip,vortex_lattice,0.6,4.0,0.0,16.39,0.006539173838,0.019802231089,0.026341404927,0.155771752477,-0.000120921712,0.208647908068,0.013820164713,0.005701502776,0.635168303019,,,,,,,,,,,,,,,,,,,,,,,,,,,,,,,,,,,,,,,,,,,,,,,,,,,,,,,,,,,,,,,,,,,,,,,,,,,,,,,,,,,,,
vlm_sideslip,vortex_lattice,0.6,0.0,4.0,16.69,-0.001608563778,0.019675962296,0.018067398517,0.03101207901,0.000577007694,-0.044597263579,0.185819576436,-0.043456815077,-0.102342911276,,,,,,,,,,,,,,,,,,,,,,,,,,,,,,,,,,,,,,,,,,,,,,,,,,,,,,,,,,,,,,,,,,,,,,,,,,,,,,,,,,,,,
vlm_sideslip,vortex_lattice,0.6,4.0,4.0,15.94,0.003962271218,0.020025709878,0.023987981096,0.156103487955,0.003547428505,0.203801110204,0.185028652665,-0.04189621188,1.052725887116,,,,,,,,,,,,,,,,,,,,,,,,,,,,,,,,,,,,,,,,,,,,,,,,,,,,,,,,,,,,,,,,,,,,,,,,,,,,,,,,,,,,,
stability,vortex_lattice,0.3,0.0,0.0,88.57,0.002232305269,0.019222147497,0.021454452765,0.031889959531,-2.5239218e-05,-0.049114932608,0.006854316633,0.002503141451,0.077980971302,1.486402840479,0.0491686,0.0088561,0.0002039,6.12e-05,0.0223126,0.070373,0.0218942,0.0160194,0.0090195,0.0002039,6.12e-05,0.0223126,0.070373,0.0218942,0.0152507,-0.5760531,0.0001576,4.73e-05,0.1063009,0.1716175,2.4488501,1.7191863,0.1001663,0.0038977,0.0011693,0.6755181,7.7736612,0.6804492,1.6993531,0.1001663,0.0038977,0.0011693,0.6755181,7.7736612,0.6804492,-0.0015854,-0.0166439,0.0001585,4.75e-05,-0.4009229,-0.0478004,0.0098779,3.6475706,0.6668426,-0.0023232,-0.000697,4.1118724,-1.6324232,3.9157743,-0.153394,-2.3363335,-0.0127572,-0.0038272,-0.874928,-1.725302,-2.775099,0.0015854,0.0166439,-0.0001585,-4.75e-05,0.4009229,0.0478004,-0.0098779,3.6475706,0.6668426,-0.0023232,-0.000697,4.1118724,-1.6324232,3.9157743,0.153394,2.3363335,0.0127572,0.0038272,0.874928,1.725302,2.775099,0.0152507,-0.556224,0.0001576,4.73e-05,0.1063009,0.1716175,2.4488501
stability,vortex_lattice,0.3,4.0,0.0,87.27,0.007309842676,0.019786757581,0.027096600256,0.146743840707,-0.000126481419,0.183693876329,0.008559763963,0.003630268575,0.506595805437,5.428162759714,0.1723219,0.0042384,0.0025404,0.0007621,0.0317762,0.104299,-0.0676533,-0.0807261,0.0071595,0.0009945,0.0002983,0.0482086,-0.3280542,-0.0035839,0.0750352,-0.5001775,0.0007172,0.0002152,0.515974,0.8739343,3.1215053,1.5799494,-0.0382889,0.0221962,0.0066589,-0.2338846,6.1865822,-0.9185975,1.5545969,-0.0386951,0.0220727,0.0066218,-0.2366777,6.1943959,-0.9161098,-0.2818985,-0.3561856,-0.0004494,-0.0001348,-2.2278402,-3.3420194,-3.1115171,-0.9047419,-4.3975625,0.0134741,0.0040422,-29.1344733,-59.5265877,-29.7308519,1.5413325,-0.5606118,-0.0082402,-0.0024721,10.4200907,18.5234516,8.7046374,0.2818985,0.3561856,0.0004494,0.0001348,2.2278402,3.3420194,3.1115171,-0.9047419,-4.3975625,0.0134741,0.0040422,-29.1344733,-59.5265877,-29.7308519,-1.5413325,0.5606118,0.0082402,0.0024721,-10.4200907,-18.5234516,-8.7046374,0.0750352,-0.4730594,0.0007172,0.0002152,0.515974,0.8739343,3.1215053
stability,vortex_lattice,0.5,0.0,0.0,91.36,0.000551214988,0.019224162718,0.019775377706,0.031196997552,-2.7204854e-05,-0.044185530086,0.012256731184,0.004708322197,0.302230902515,1.577567721622,0.0533491,0.0110835,0.0004843,0.0002422,0.0370642,0.0997443,0.0366062,0.0193809,0.011263,0.0004843,0.0002422,0.0370642,0.0997443,0.0366062,0.0402163,-0.566947,-1.75e-05,-8.8e-06,0.2840209,0.47736,2.7056312,2.032698,0.3876888,0.0096371,0.0048185,2.5404603,11.264529,2.5373464,2.0128241,0.3876888,0.0096371,0.0048185,2.5404603,11.264529,2.5373464,0.3455895,0.3310089,0.0005216,0.0002608,1.8767497,4.0514848,2.2981615,0.3958016,-2.7933885,0.0328478,0.0164239,-18.7392201,-42.8706089,-18.9583862,0.2060202,-2.0954636,-0.0330341,-0.016517,1.6346806,2.6310412,-0.2465907,-0.3455895,-0.3310089,-0.0005216,-0.0002608,-1.8767497,-4.0514848,-2.2981615,0.3958016,-2.7933885,0.0328478,0.0164239,-18.7392201,-42.8706089,-18.9583862,-0.2060202,2.0954636,0.0330341,0.016517,-1.6346806,-2.6310412,0.2465907,0.0402163,-0.5470774,-1.75e-05,-8.8e-06,0.2840209,0.47736,2.7056312
stability,vortex_lattice,0.5,4.0,0.0,89.52,0.006549279714,0.019802070415,0.026351350129,0.155793941756,-0.000118735837,0.208244313636,0.013679420162,0.005597106486,0.63715698462,5.92515857777,0.1269283,-0.049346,0.0037181,0.0018591,-0.3085258,-0.5410835,-0.3241484,-0.1139368,-0.0277243,0.0018223,0.0009111,-0.1814404,-0.7387086,-0.1831914,0.0022635,-0.5728979,-0.0002801,-0.00014,0.0845022,0.0482202,2.4014556,1.3390756,-0.3078606,0.0272413,0.0136206,-1.8281805,2.8072752,-2.0270988,1.3161572,-0.3051767,0.0270478,0.0135239,-1.8110705,2.8519665,-2.0093821,0.0264733,-0.0435196,0.0003912,0.0001956,-0.1933688,0.301557,0.2965445,-1.6734867,-5.3560178,0.1573611,0.0786805,-35.7523466,-68.7726149,-35.2400771,1.1146715,-1.1818478,-0.0313492,-0.0156746,7.3885932,13.1480684,5.6034274,-0.0264733,0.0435196,-0.0003912,-0.0001956,0.1933688,-0.301557,-0.2965445,-1.6734867,-5.3560178,0.1573611,0.0786805,-35.7523466,-68.7726149,-35.2400771,-1.1146715,1.1818478,0.0313492,0.0156746,-7.3885932,-13.1480684,-5.6034274,0.0022635,-0.5453114,-0.0002801,-0.00014,0.0845022,0.0482202,2.4014556
stability,vortex_lattice,0.8,0.0,0.0,102.75,-0.15387898663,0.019236980419,-0.134642006211,-0.039023055515,-7.3773792e-05,0.192494551624,0.138408798054,0.078336946971,0.0,0.0,0.0528601,0.0017953,0.0011601,0.0009281,-0.0233283,0.00607,-0.0230063,0.013962,0.0020247,0.0011601,0.0009281,-0.0233283,0.00607,-0.0230063,-0.0540383,-0.7081646,0.0004172,0.0003337,-0.3120919,-0.607121,2.3398836,1.7767248,-0.0019998,0.0508699,0.0406959,-0.011175,7.3533741,0.0271696,1.7566551,-0.0019998,0.0508699,0.0406959,-0.011175,7.3533741,0.0271696,0.0042719,-0.0181207,0.0005201,0.0004161,-0.4035501,-0.0111744,0.0503385,-4.7059604,-9.1352565,2.0438774,1.635102,-60.6212951,-118.8650684,-61.5601072,3.2241883,-0.476265,-0.9594664,-0.7675731,20.1226761,35.653363,18.8675991,-0.0042719,0.0181207,-0.0005201,-0.0004161,0.4035501,0.0111744,-0.0503385,-4.7059604,-9.1352565,2.0438774,1.635102,-60.6212951,-118.8650684,-61.5601072,-3.2241883,0.476265,0.9594664,0.7675731,-20.1226761,-35.653363,-18.8675991,-0.0540383,-0.6881003,0.0004172,0.0003337,-0.3120919,-0.607121,2.3398836
stability,vortex_lattice,0.8,4.0,0.0,100.9,-0.145495801056,0.019875656087,-0.125620144969,0.176210354726,-0.000203000131,0.75678096987,0.143111014823,0.080870823363,0.0,0.0,0.2209146,-0.0935156,0.0057179,0.0045743,0.1214334,0.335363,0.121639,-0.0799897,-0.0429377,-0.0029337,-0.002347,0.0215246,-0.367503,0.0218065,0.2573979,-0.0717805,0.002416,0.0019328,1.7769142,3.0899384,4.3451716,2.0114653,-0.7245433,0.1239236,0.0991388,1.4330019,10.0631635,1.43192,1.9831924,-0.7197831,0.1238263,0.0990611,1.4280097,10.0642858,1.4269108,0.0962682,0.27778,0.00195,0.00156,0.2579842,1.1563592,0.8089912,7.0911627,4.6389271,4.2111922,3.3689537,10.9209835,14.8228598,10.1260655,-0.3809175,-6.0848783,-0.9885902,-0.7908722,-1.6735487,-4.7506772,-3.3244383,-0.0962682,-0.27778,-0.00195,-0.00156,-0.2579842,-1.1563592,-0.8089912,7.0911627,4.6389271,4.2111922,3.3689537,10.9209835,14.8228598,10.1260655,0.3809175,6.0848783,0.9885902,0.7908722,1.6735487,4.7506772,3.3244383,0.2573979,-0.0428686,0.002416,0.0019328,1.7769142,3.0899384,4.3451716
panel_spotcheck,panel,0.3,0.0,0.0,26.67,-0.059807405317,0.019116676522,-0.040690728795,0.032732479595,-0.001504201198,-0.131236870715,0.002558626588,-0.001588946272,-0.003066458832,,,,,,,,,,,,,,,,,,,,,,,,,,,,,,,,,,,,,,,,,,,,,,,,,,,,,,,,,,,,,,,,,,,,,,,,,,,,,,,,,,,,,
panel_spotcheck,panel,0.3,4.0,0.0,24.91,-0.061142510212,0.019707002696,-0.041435507516,0.132248600726,-0.002427892851,0.212054418618,-0.011144346447,-0.008035961471,-0.048963583476,,,,,,,,,,,,,,,,,,,,,,,,,,,,,,,,,,,,,,,,,,,,,,,,,,,,,,,,,,,,,,,,,,,,,,,,,,,,,,,,,,,,,
panel_spotcheck,panel,0.6,0.0,0.0,30.61,-0.093243867224,0.019124078125,-0.074119789099,-0.034054125673,-0.002134968547,-0.108130714888,0.006858515828,-0.000945147266,-0.002128891264,,,,,,,,,,,,,,,,,,,,,,,,,,,,,,,,,,,,,,,,,,,,,,,,,,,,,,,,,,,,,,,,,,,,,,,,,,,,,,,,,,,,,
panel_spotcheck,panel,0.6,4.0,0.0,29.26,-0.093785657896,0.019728440299,-0.074057217597,0.09779010777,-0.002189521056,0.255764740743,-0.012869549883,-0.011504147494,-0.017453708104,,,,,,,,,,,,,,,,,,,,,,,,,,,,,,,,,,,,,,,,,,,,,,,,,,,,,,,,,,,,,,,,,,,,,,,,,,,,,,,,,,,,,
